city,latitude,longitude,temperature,humidity,wind speed,cloudiness
Ponta do Sol,32.6667,-17.1,58.24,77,4.0,65
Longonjo,-12.9067,15.2533,73.4,64,5.75,75
New Norfolk,-42.7826,147.0587,52.39,91,1.77,29
Jamestown,42.097,-79.2353,58.75,100,6.91,90
Rikitea,-23.1203,-134.9692,75.74,69,9.24,94
Hofn,64.2539,-15.2082,42.8,56,9.22,75
Bredasdorp,-34.5322,20.0403,59.0,67,3.44,100
Hithadhoo,-0.6,73.0833,84.06,69,8.3,36
Vilyuysk,63.7553,121.6247,23.67,93,0.47,64
Klaksvík,62.2266,-6.589,39.2,60,10.36,75
Ceres,37.5949,-120.9577,68.76,45,3.44,1
Tigre,-34.426,-58.5796,72.14,56,9.22,0
Padang,-0.9492,100.3543,76.82,88,4.21,100
Zhaodong,46.0833,125.9833,42.8,100,4.47,20
Ribeira Grande,38.5167,-28.7,62.6,51,9.22,40
Ushuaia,-54.8,-68.3,42.8,56,6.91,20
La Paz,-16.5,-68.15,51.8,46,5.75,40
Provideniya,64.3833,-173.3,29.75,68,2.44,99
Norman Wells,65.282,-126.8329,32.0,55,12.66,75
Kapaa,22.0752,-159.319,66.51,88,5.75,75
Mataura,-46.1927,168.8643,52.0,95,1.99,100
Tiksi,71.6872,128.8694,16.77,97,7.31,42
Broome,42.2506,-75.833,60.01,98,1.99,100
Puerto Ayora,-0.7393,-90.3518,82.4,69,14.97,40
George Town,5.4112,100.3354,77.65,94,3.44,40
Rongcheng,30.634,117.8517,62.85,82,5.53,0
Nabire,-3.3667,135.4833,75.81,91,2.86,100
Punta Arenas,-53.15,-70.9167,41.0,81,5.75,0
Tasiilaq,65.6145,-37.6368,32.0,93,4.61,90
Vanimo,-2.6741,141.3028,77.67,87,6.06,99
Lebu,-37.6167,-73.65,61.03,74,3.96,100
Cape Town,-33.9258,18.4232,60.08,59,17.27,20
Hermanus,-34.4187,19.2345,60.01,71,8.19,83
Lagoa,39.05,-27.9833,58.12,64,13.09,64
Victoria Point,-27.5833,153.3,64.69,82,3.0,98
Albany,42.6001,-73.9662,55.62,90,1.57,100
Chokurdakh,70.6333,147.9167,-0.69,100,3.65,93
Ampanihy,-24.7,44.75,76.5,58,7.0,40
Thompson,55.7435,-97.8558,30.2,47,14.97,75
Vaini,-21.2,-175.2,77.0,94,5.75,90
Port Alfred,-33.5906,26.891,65.43,74,15.12,99
Qaanaaq,77.484,-69.3632,24.85,72,8.9,35
Erenhot,43.6475,111.9767,43.9,30,4.74,98
Vao,-22.6667,167.4833,72.9,67,16.49,35
San Quintín,30.4833,-115.95,70.18,47,7.47,0
Bluff,-46.6,168.3333,52.0,95,1.99,100
Batagay-Alyta,67.8006,130.4114,9.86,92,5.57,100
Faanui,-16.4833,-151.75,81.46,71,7.96,54
Buta,2.7858,24.73,71.91,89,1.63,100
Hobart,-42.8794,147.3294,53.56,94,1.43,90
Hambantota,6.1241,81.1185,80.78,81,9.53,100
Cabo San Lucas,22.8909,-109.9124,75.94,46,4.61,1
Busselton,-33.65,115.3333,51.4,97,14.63,88
Bulgan,48.8125,103.5347,36.95,72,4.18,84
Kota Kinabalu,5.9749,116.0724,77.0,88,4.61,20
Coahuayana Viejo,18.7333,-103.6833,73.4,78,6.93,40
Berlevåg,70.8578,29.0864,30.65,80,19.57,75
Hong Kong,22.2855,114.1577,72.0,83,3.42,94
Dongsheng,39.8161,109.9776,49.71,34,10.2,48
Bloomfield,40.8068,-74.1854,72.84,60,4.61,75
Ukiah,39.1502,-123.2078,65.1,44,2.15,1
Clyde River,70.4692,-68.5914,24.8,100,5.75,90
Rockland,41.1668,-74.0496,69.48,84,6.67,100
Quatre Cocos,-20.2078,57.7625,77.0,88,13.8,75
Beringovskiy,63.05,179.3167,18.37,86,4.56,96
Katra,32.9833,74.95,66.6,60,12.73,90
Sukhobezvodnoye,57.0491,44.8891,36.16,84,4.52,76
Avarua,-21.2078,-159.775,78.8,89,5.75,20
Dikson,73.5069,80.5464,0.28,99,5.55,39
Ouro Sogui,15.6064,-13.3211,114.8,12,6.91,80
Masumbwe,-3.6333,32.1833,69.01,83,4.45,100
Harper,4.375,-7.7169,83.5,71,7.27,100
Hasaki,35.7333,140.8333,64.74,88,14.97,75
Plettenberg Bay,-34.0527,23.3716,58.59,80,3.53,100
Yelan',50.949,43.7378,47.73,58,4.94,75
Madison,34.7334,-86.5667,68.14,88,8.05,90
Grindavik,63.8424,-22.4338,42.8,65,9.22,75
Port Hardy,50.6996,-127.4199,48.2,100,13.8,90
Souillac,-20.5167,57.5167,77.0,88,13.8,75
Felanitx,39.4696,3.1483,68.0,77,14.97,20
Rāwah,34.4816,41.9093,86.63,15,8.66,2
Nouadhibou,20.931,-17.0347,73.4,64,20.71,0
Tabuk,17.4189,121.4443,74.08,87,3.56,79
Bonavista,48.6499,-53.1147,43.75,66,3.44,94
Fortuna,40.5982,-124.1573,46.4,100,3.44,90
Tubualá,9.5167,-79.0333,81.46,66,4.61,40
Sola,-13.8833,167.55,80.87,65,21.21,99
Dano,11.15,-3.0667,102.54,18,8.84,52
Gamba,-2.65,10.0,80.55,82,4.99,63
Sitka,57.0531,-135.33,46.4,93,4.61,90
Saint-Philippe,-21.3585,55.7679,71.31,88,4.61,0
Longyearbyen,78.2186,15.6401,23.0,54,13.8,40
Philadelphia,39.9523,-75.1638,78.93,57,12.66,75
Arraial do Cabo,-22.9661,-42.0278,75.97,78,8.05,75
Pevek,69.7008,170.3133,17.58,95,8.52,100
Husavik,66.0449,-17.3389,44.6,57,13.8,0
Inuvik,68.3499,-133.7218,26.6,50,6.91,8
Ilulissat,69.2167,-51.1,39.2,52,4.61,75
Atuona,-9.8,-139.0333,78.71,74,7.78,22
Zaozyornoye,45.1582,33.2787,57.0,57,8.99,28
Mondlo,-27.983,30.7177,65.05,39,5.14,30
Berlin,52.5244,13.4105,54.43,76,14.97,20
Longhua,23.6137,114.1919,66.42,71,2.21,2
Yerbogachën,61.2767,108.0108,23.38,92,4.09,20
Nantucket,41.2835,-70.0995,50.52,87,6.91,75
Guerrero Negro,27.9769,-114.0611,69.64,51,8.57,0
Spanish Town,17.9911,-76.9574,84.81,70,19.57,20
Mossamedes,-15.1961,12.1522,76.62,69,14.94,55
Ngorongoro,-3.2397,35.4875,54.28,92,4.54,77
Andenes,69.3143,16.1194,35.6,80,24.16,75
Siedlce,52.1677,22.2901,53.91,89,10.0,100
High Level,58.5169,-117.136,32.0,59,16.11,75
Almansa,38.8692,-1.0971,68.0,51,1.01,88
Kaitangata,-46.2817,169.8464,55.99,73,7.02,100
Hilo,19.7297,-155.09,67.14,83,8.05,90
Nikolskoye,59.7035,30.7861,43.84,31,6.71,20
Chihuahua,28.5,-106.0,60.8,29,10.36,20
Weyburn,49.6668,-103.8511,46.4,49,12.66,92
Richards Bay,-28.783,32.0377,73.35,82,13.11,12
Carnarvon,-24.8667,113.6333,71.6,88,10.36,18
Bairiki Village,1.3292,172.9752,82.4,83,8.05,75
Butaritari,3.0707,172.7902,83.08,76,15.59,100
Narsaq,60.9167,-46.05,41.0,65,4.61,75
Barrow,71.2906,-156.7887,19.4,86,11.5,90
Gushi,34.6425,109.5843,66.78,37,8.21,87
Mackenzie,55.2999,-123.1698,44.6,93,11.5,90
Luganville,-15.5333,167.1667,76.84,76,8.43,95
Pangnirtung,66.1451,-65.7125,30.2,86,2.3,90
Kidal,18.4411,1.4078,106.92,5,13.22,8
Mar del Plata,-38.0023,-57.5575,75.2,53,9.22,0
Kamen'-Rybolov,44.7481,132.0403,44.02,43,7.2,100
Nome,64.5011,-165.4064,21.99,79,11.5,1
Kieta,-6.2167,155.6333,77.61,81,3.27,92
Kolpashevo,58.3131,82.9089,47.68,90,15.19,99
Tromsø,69.6496,18.957,32.54,93,20.71,90
Baykit,61.67,96.37,29.7,94,3.6,83
Langley Park,38.9887,-76.9814,79.5,47,4.61,40
Jadu,31.953,12.0261,92.84,7,12.37,80
Lavrentiya,65.5833,-171.0,19.0,83,4.97,100
Temyasovo,52.9933,58.1014,46.4,39,11.18,40
Tautira,-17.7333,-149.15,75.2,83,4.61,20
Tuktoyaktuk,69.4541,-133.0374,15.8,73,12.66,20
Hay River,60.8156,-115.7999,30.2,51,4.61,65
Iqaluit,63.7506,-68.5145,33.39,93,13.8,90
Abū Zabad,12.35,29.25,89.46,27,13.58,87
East London,-33.0153,27.9116,60.8,94,10.36,20
São Filipe,14.8961,-24.4956,72.95,77,9.75,55
Gushikawa,26.3544,127.8686,60.94,94,2.64,1
Severo-Kuril'sk,50.6789,156.125,34.59,89,7.11,77
Boone,39.0334,-92.3335,67.64,68,11.01,71
Brandon,27.9378,-82.2859,86.9,51,4.61,40
Itarantim,-15.6597,-40.0656,82.65,53,5.88,94
Sørland,67.667,12.6934,32.0,100,23.02,75
Talnakh,69.4865,88.3972,29.98,98,3.91,100
Havelock,34.8791,-76.9013,75.72,61,12.66,75
Price,39.5994,-110.8107,59.0,31,4.61,1
Castro,-24.7911,-50.0119,68.4,46,7.36,2
Verkhnetulomskiy,68.6073,31.7962,32.0,64,6.71,40
Walvis Bay,-22.9575,14.5053,65.7,56,12.66,0
Esperance,-33.8667,121.9,66.2,88,11.5,40
Salalah,17.0151,54.0924,84.2,79,6.91,75
Vikhorevka,56.1201,101.1636,32.0,40,4.47,79
Copperas Cove,31.1241,-97.9031,71.55,94,9.22,90
Urubamba,-13.3047,-72.1158,64.4,29,4.61,40
Gouré,13.9835,10.2704,102.99,2,7.0,1
Mazyr,52.0495,29.2456,51.64,69,10.63,100
Malbork,54.0359,19.0266,50.02,100,8.3,100
Ballina,-28.8667,153.5667,59.29,94,4.09,100
Portland,45.5234,-122.6762,59.58,67,3.44,75
Odesa,46.4775,30.7326,54.28,66,5.68,0
Tagusao,9.1924,117.8141,79.43,81,4.14,17
Port Elizabeth,-33.918,25.5701,59.0,94,13.8,90
Orlik,52.5178,99.825,27.79,92,1.45,46
Sesheke,-17.4759,24.2968,75.83,48,3.98,78
Kalengwa,-13.4659,25.0027,73.33,63,1.61,94
Constitución,-35.3333,-72.4167,64.22,56,4.16,93
Pimenta Bueno,-11.6725,-61.1936,85.64,53,3.11,96
Zdvinsk,54.7021,78.661,47.14,75,13.94,81
Port Lincoln,-34.7333,135.8667,63.91,68,9.4,0
Biak,-0.9131,122.8766,76.64,80,2.46,97
General Roca,-39.0333,-67.5833,68.0,60,4.61,0
Pacific Grove,36.6177,-121.9166,57.02,72,5.75,1
Amahai,-3.3333,128.9167,78.4,85,4.0,100
Carutapera,-1.195,-46.02,84.76,69,4.29,65
Vadsø,70.0744,29.7487,31.32,74,25.32,40
Krasnosel'kup,65.7,82.4667,31.14,91,12.53,99
Saint-Ambroise,48.5501,-71.3324,60.08,35,3.44,0
Burnie,-41.0667,145.9167,54.0,92,1.01,96
Salta,-24.7859,-65.4117,67.42,56,5.75,40
Alaca,40.1683,34.8425,66.07,45,5.44,42
Bethel,41.3712,-73.414,65.84,77,3.44,90
Aparecida do Taboado,-20.0867,-51.0936,87.66,22,3.85,98
Morgan City,29.6994,-91.2068,82.47,78,10.36,75
Nānākuli,21.3906,-158.1547,70.2,73,8.05,90
Redmond,47.674,-122.1215,57.27,52,2.15,100
Fuyang,32.9,115.8167,58.96,55,6.11,1
Khatanga,71.9667,102.5,30.27,91,12.26,100
Dekar,-21.5333,21.9333,74.86,35,3.53,57
Maragogi,-9.0122,-35.2225,83.03,70,12.21,71
Smidovich,48.6,133.8167,41.77,62,9.91,3
Kununurra,-15.7667,128.7333,77.0,94,5.46,21
Geraldton,-28.7667,114.6,69.8,78,12.66,75
Cessnock,-32.8333,151.35,50.32,98,2.01,3
Margate,51.3813,1.3862,50.29,52,1.99,50
Bambous Virieux,-20.3428,57.7575,77.0,88,13.8,75
Muros,42.7762,-9.0603,60.35,53,14.03,47
Barra de Tecoanapa,16.5167,-98.75,84.34,63,10.13,98
Shelburne,44.0787,-80.2041,47.59,100,5.44,100
Greenwood,34.1668,-82.1165,78.94,61,14.97,20
Cidreira,-30.1811,-50.2056,70.43,56,7.31,0
Buraidah,26.326,43.975,89.6,22,6.91,0
Flinders,-34.5833,150.8552,55.0,85,1.01,1
Sisimiut,66.9395,-53.6735,38.91,64,3.27,100
Alofi,-19.0595,-169.9187,75.2,100,1.14,100
Cayenne,4.9333,-52.3333,78.91,89,4.61,75
Khani,41.9563,42.9566,62.6,77,6.91,0
Bada,51.392,109.8717,23.68,70,2.39,12
Fallon,39.4735,-118.7774,63.72,18,3.44,75
Beloha,-25.1667,45.05,74.37,76,9.71,1
Anloga,5.7947,0.8973,86.0,66,10.36,20
Rosetta,31.4044,30.4164,86.0,25,11.5,0
Honolulu,21.3069,-157.8583,70.45,73,4.61,75
Dilla,6.41,38.31,64.53,87,4.92,96
Mahébourg,-20.4081,57.7,77.0,88,13.8,75
Kavieng,-2.5744,150.7967,82.72,73,6.42,37
Bichura,50.5881,107.6022,29.21,61,3.18,13
San Patricio,28.017,-97.5169,78.6,83,13.8,90
Holetown,13.1867,-59.6381,80.6,61,16.11,40
Ahipara,-35.1667,173.1667,53.13,86,4.99,0
Broken Hill,-31.95,141.4333,59.0,38,4.61,0
Newport,51.5877,-2.9984,49.75,65,1.81,89
George Town,5.4112,100.3354,77.65,94,3.44,40
Kimberley,-28.7323,24.7623,55.4,100,8.05,40
Murray Bridge,-35.1167,139.2667,55.62,73,3.31,0
Kruisfontein,-34.0033,24.7314,55.99,94,1.99,100
Vygonichi,53.0985,34.0673,55.4,35,11.18,100
Saskylakh,71.9167,114.0833,32.68,89,14.43,100
Marrakesh,31.6315,-8.0083,78.8,34,6.91,75
Otavi,-19.65,17.3333,72.86,37,5.06,74
Ati,13.2154,18.3353,95.7,8,7.45,3
General Pico,-35.6566,-63.7568,72.34,53,16.08,0
Coquimbo,-29.9533,-71.3436,59.0,82,2.3,75
Kamaishi,39.2667,141.8833,54.28,98,4.09,100
Leh,34.1667,77.5833,41.5,41,2.8,76
Alugan,12.2188,125.4808,76.39,82,0.89,96
Tallahassee,30.4383,-84.2807,82.74,51,13.8,40
Havre-St-Pierre,50.2334,-63.5986,41.0,79,13.8,89
Camabatela,-8.1881,15.375,66.4,92,0.58,97
North Bend,43.4065,-124.2243,51.37,87,3.69,90
Black River,18.0264,-77.8487,83.35,70,14.97,20
Riyadh,24.6877,46.7219,91.4,12,9.22,0
Olafsvik,64.8945,-23.7142,40.59,75,6.76,31
Villacarrillo,38.1156,-3.0848,57.29,55,10.56,93
Russkiy Aktash,55.0384,52.1214,46.4,49,15.66,0
Lüderitz,-26.6481,15.1594,62.46,58,27.87,0
Suleja,9.1758,7.1808,96.8,38,5.75,40
Vestmannaeyjar,63.4427,-20.2734,42.8,87,3.44,90
Gainesville,29.6516,-82.3248,84.38,51,9.22,1
Kumul,42.8,93.45,73.45,16,7.49,15
Rio Grande,-32.035,-52.0986,72.34,56,4.61,40
Rumphi,-11.0186,33.8575,65.08,93,4.27,16
Winnemucca,40.973,-117.7357,60.8,29,5.75,1
Upernavik,72.7868,-56.1549,32.97,66,2.82,39
San Francisco,37.7749,-122.4194,56.28,76,14.97,75
Maceió,-9.6658,-35.7353,86.0,62,11.5,40
Karpathos,35.507,27.2132,68.0,77,9.22,20
Namatanai,-3.6667,152.4333,79.32,80,3.69,25
Bathsheba,13.2167,-59.5167,80.6,61,16.11,40
Goderich,43.7501,-81.7165,46.4,93,5.75,100
Sol'vychegodsk,61.3305,46.9156,32.83,68,4.7,64
Dargaville,-35.9333,173.8833,51.93,89,1.54,1
Nahariya,33.0059,35.0941,70.65,78,8.05,0
Chui,-33.6971,-53.4616,70.81,44,4.52,0
Ancud,-41.8697,-73.8203,57.06,88,14.97,75
Verkhoyansk,67.5447,133.385,21.65,97,1.79,100
Obo,5.3998,26.4869,69.91,97,3.62,99
Birin,26.8865,88.0718,65.08,45,6.71,30
Yar-Sale,66.8333,70.8333,23.31,94,7.58,100
Yellowknife,62.456,-114.3525,21.83,63,2.3,20
Kahului,20.8947,-156.47,67.91,100,5.75,20
Kysyl-Syr,63.8986,122.7617,16.92,96,2.35,59
Pemangkat,1.1667,108.9667,80.01,79,0.47,92
Mount Darwin,-16.7725,31.5838,73.49,52,4.18,42
Wanaka,-44.7,169.15,48.25,89,4.47,100
San Vicente,-26.6167,-54.1333,76.98,20,1.83,0
Yauya,-8.9833,-77.3,56.46,59,5.01,92
Yulara,-25.2406,130.9889,57.2,41,6.91,44
Dondo,-19.6094,34.7431,79.36,83,8.57,20
Ganzhou,28.8184,115.4327,64.38,82,5.35,0
Raja,8.4596,25.678,78.13,64,4.52,96
Port Blair,11.6667,92.75,81.12,75,2.01,56
Gunnedah,-30.9833,150.25,57.99,75,3.0,6
Vila Franca do Campo,37.7167,-25.4333,60.8,67,16.11,40
Sioux Lookout,50.1001,-91.917,41.0,65,9.22,40
Ca Mau,9.1769,105.15,81.25,79,5.57,86
Abu Samrah,35.3029,37.1841,78.21,35,11.05,44
Nyakahanga,-1.6033,31.1414,60.93,92,1.81,100
Iquitos,-3.7481,-73.2472,75.2,94,12.66,90
Tuatapere,-46.1333,167.6833,52.0,95,1.99,98
Ayr,55.4627,-4.6339,48.52,53,8.05,40
Doha,25.2867,51.5333,86.32,37,9.22,0
Meulaboh,4.1363,96.1285,78.03,87,4.56,99
North Myrtle Beach,33.816,-78.68,77.86,73,16.11,1
San Jerónimo,-11.9472,-75.2829,59.34,48,0.92,68
Nakhon Ratchasima,15.0,102.1667,79.0,100,11.56,100
Pisco,-13.7,-76.2167,66.34,88,9.22,75
Dubbo,-32.25,148.6167,50.0,81,9.22,0
Arraias,-12.9288,-46.9437,85.32,45,4.56,35
Sukhothai,17.25,99.6667,82.0,99,3.56,86
Haines Junction,60.7522,-137.5108,32.0,74,1.74,97
Manjacaze,-24.7117,33.8828,74.82,66,6.53,35
Kavaratti,10.5669,72.642,85.23,71,5.95,36
Zeya,53.75,127.2667,35.46,93,4.79,89
Morant Bay,17.8815,-76.4093,84.9,70,19.57,20
Altagracia de Orituco,9.8601,-66.3814,69.48,94,2.66,100
Hervey Bay,-25.2986,152.8535,64.99,92,5.99,85
Marsá Maţrūḩ,31.3525,27.2453,77.0,47,5.75,0
Port Macquarie,-31.4333,152.9167,54.23,100,4.05,19
Cortez,37.3489,-108.5859,60.89,25,2.77,1
Kloulklubed,7.0419,134.2556,77.0,94,4.61,75
Bowen,-20.0167,148.2333,66.2,94,8.05,40
Leningradskiy,69.3833,178.4167,16.68,91,4.5,94
Bull Savanna,17.8868,-77.5902,82.11,57,10.83,1
Casino,-28.8667,153.05,57.43,94,2.42,99
Shubarshi,48.5872,57.1869,50.61,48,8.7,83
Ōdachō-ōda,35.1833,132.5,53.8,79,10.36,0
Mareeba,-17.0,145.4333,66.58,78,11.5,90
Fairbanks,64.8378,-147.7164,36.12,69,1.99,75
Calafat,43.9911,22.9328,57.0,69,3.94,44
Ust'-Koksa,50.2696,85.6108,53.35,74,1.97,98
Wajima,37.4,136.9,51.03,91,4.81,100
Çan,40.0333,27.0524,70.74,64,4.61,0
Champerico,14.3,-91.9167,75.96,74,5.03,0
Marawi,7.9986,124.2928,77.0,87,4.0,99
Alabat,14.1028,122.0153,80.4,68,6.78,83
Nacala,-14.5428,40.6728,78.8,89,8.05,40
Chibombo,-14.6569,28.0706,75.13,55,6.62,97
Port Hedland,-20.3167,118.5667,71.6,68,8.05,0
Yaan,7.3833,8.5667,90.1,45,7.2,100
Cherskiy,68.75,161.3,7.18,96,4.05,95
Si Bun Rueang,16.9667,102.2833,75.0,99,1.77,100
Penzance,50.1186,-5.5371,48.22,71,4.61,20
Changping,40.2186,116.2197,41.0,56,2.24,0
Samarai,-10.6167,150.6667,78.98,79,6.73,63
Alice Springs,-23.7,133.8833,48.2,53,5.75,60
Moussoro,13.6408,16.4901,96.75,5,8.81,2
Guilin,25.2819,110.2864,64.4,88,0.81,0
Arrifes,37.7667,-25.7,60.8,67,16.11,40
Bulawayo,-20.15,28.5833,67.21,60,6.51,71
Hailar,49.2,119.7,30.27,78,3.22,29
Gayéri,12.6497,0.4931,105.22,12,9.55,49
Laguna,38.421,-121.4238,69.21,42,3.44,1
La Romana,18.4273,-68.9728,86.0,66,4.61,75
Herat Province,34.5,62.0,78.8,22,9.22,20
Sturgis,41.7992,-85.4192,51.08,100,9.22,90
Lata,40.1629,-8.3327,60.24,51,11.5,40
Mount Isa,-20.7333,139.5,69.8,35,5.75,13
Cockburn Town,21.4612,-71.1419,82.4,61,14.97,40
Evensk,61.95,159.2333,20.55,69,9.44,0
Billings Metropolitan Area,45.7833,-108.5007,65.71,34,12.66,40
Beauceville,46.2179,-70.7787,66.2,27,6.91,67
Dayong,25.0209,118.2898,68.0,88,1.14,0
Prince Rupert,54.3161,-130.3201,49.46,87,14.97,90
Januária,-15.4833,-44.3667,88.3,39,6.91,75
Omboué,-1.5746,9.2618,81.46,79,5.91,45
College,64.8569,-147.8028,36.5,69,1.95,75
Honiara,-9.4333,159.95,75.4,83,3.31,89
Sibolga,1.7427,98.7792,75.09,92,4.27,100
Kuril'sk,45.2333,147.8833,39.24,96,11.23,100
Vila Velha,-20.3297,-40.2925,80.29,65,10.36,40
Sæby,57.3319,10.5225,52.97,54,14.97,20
Najrān,17.4924,44.1277,78.8,44,6.91,75
Tambovka,50.0969,128.0489,41.0,42,11.18,40
Port-Cartier,50.0334,-66.8654,51.8,46,3.44,75
Baturaja,-4.1333,104.1667,74.07,97,2.01,91
Saint-François,46.4154,3.9054,52.3,66,4.61,0
White Rock,49.0164,-122.8026,57.24,67,3.44,100
Torrington,41.8007,-73.1212,61.99,100,5.26,100
Torbay,47.6666,-52.7314,48.99,57,8.05,75
Toyooka,35.5333,134.8333,50.05,92,5.17,1
Yinchuan,38.4681,106.2731,62.85,30,3.71,9
Nanortalik,60.1432,-45.2371,38.7,78,5.77,16
Naze,28.3667,129.4833,62.58,73,9.22,48
Stokmarknes,68.5646,14.9108,34.88,93,16.11,75
Fichē,9.8,38.7333,56.44,75,4.41,72
Aykhal,66.0,111.5,13.46,99,5.44,62
Lokosovo,61.1333,74.8167,40.23,84,8.88,92
Barkot,30.8167,78.2,65.95,55,5.03,69
Qixingtai,30.4135,111.8874,71.01,72,5.37,0
Sa Kaeo,13.75,102.3333,75.96,91,3.71,99
Saldanha,-33.0117,17.9442,64.4,52,18.41,0
Naifaru,5.4444,73.3657,84.29,68,7.72,53
Ambikāpur,23.1167,83.2,81.66,11,4.74,30
Bengkulu,-3.8004,102.2655,76.5,90,3.36,88
Jinotega,13.0917,-86.0018,77.0,57,4.74,20
Ketchikan,55.3422,-131.6461,48.2,93,12.66,90
São Francisco,-15.9486,-44.8644,84.27,49,7.07,85
Kurush,41.2841,47.8345,62.6,77,5.75,40
Kīhei,20.785,-156.4656,67.68,100,5.75,20
Touros,-5.1989,-35.4608,86.0,62,14.97,40
Mayo,38.8876,-76.5119,80.6,50,6.91,40
Suntar,62.1444,117.6319,30.38,85,3.24,98
Almazar,40.3217,69.0106,77.0,36,2.24,40
Srednekolymsk,67.45,153.6833,25.7,91,5.37,71
Maricá,-22.9194,-42.8186,75.31,78,8.05,75
Misratah,32.3754,15.0925,80.19,40,14.2,34
Avera,33.194,-82.5271,79.57,61,11.5,1
Ishigaki,24.3448,124.1572,70.61,76,4.12,98
Chinique,15.0447,-91.0258,67.33,68,9.22,90
Codrington,-38.2667,141.9667,53.24,91,5.5,22
Zanjān,36.6736,48.4787,69.8,24,6.91,40
Springdale,36.1867,-94.1288,64.15,100,9.22,90
Divnomorskoye,44.5011,38.1353,58.01,83,4.94,73
Wāshīm,20.1,77.15,91.72,16,8.03,21
Sovetskaya Gavan',48.9723,140.2878,34.97,98,4.27,100
Abong Mbang,3.9833,13.1833,73.2,83,0.49,100
Qarqīn,37.4185,66.0436,89.6,12,5.82,0
Novobelokatay,55.7062,58.9549,40.1,82,8.32,70
Ulaangom,49.9811,92.0667,54.43,43,4.34,77
Qiongshan,20.0058,110.3542,73.4,88,2.24,20
Tommot,58.9564,126.2925,27.12,98,2.42,99
Santiago de Cao,-7.9589,-79.2392,62.6,88,10.36,90
Caravelas,-17.7125,-39.2481,78.8,74,10.98,23
Nara,34.6851,135.8049,53.47,93,5.79,83
Ambon City,-3.6954,128.1814,81.1,70,1.01,100
Katsuura,35.1333,140.3,64.18,88,17.27,75
Port-Gentil,-0.7193,8.7815,84.2,84,4.61,40
Mehamn,71.0357,27.8492,32.0,80,2.3,20
Puksoozero,62.5903,40.6066,32.22,73,4.47,100
Serik,36.9169,31.0989,69.8,73,4.61,40
Gazli,40.1333,63.45,84.43,20,17.54,74
Santa Cruz,30.4202,-9.5982,75.2,38,20.71,20
Wukari,7.85,9.7833,89.98,49,9.57,100
Banjar,-8.19,114.9675,80.6,89,5.75,20
Vangaindrano,-23.35,47.6,72.32,91,5.28,1
Ulundi,-28.3352,31.4162,67.14,69,5.06,13
Roald,62.5833,6.1333,44.55,57,14.97,20
Amapá,1.0,-52.0,89.02,46,4.38,47
Maumere,-8.6199,122.2111,77.09,73,3.85,75
Fevik,58.3794,8.6766,50.59,32,14.97,0
Airai,-8.9266,125.4092,59.52,91,1.81,92
Severobaykal'sk,55.65,109.3167,21.63,77,6.02,6
Dingle,10.9995,122.6711,77.58,79,2.53,62
Ojinaga,29.5667,-104.4167,68.0,32,4.47,40
Agadez,19.75,10.25,98.35,5,7.83,16
Gornopravdinsk,60.05,69.9,39.81,87,8.57,93
Sidi Ali,36.0998,0.4206,63.16,59,8.72,84
Cairns,-16.9167,145.7667,68.38,78,11.5,90
‘Āhuimanu,21.4447,-157.8378,70.32,88,4.61,90
Lompoc,34.6391,-120.4579,63.3,55,3.44,0
Saint George,37.1041,-113.5841,69.6,23,1.5,0
Marzuq,14.4,46.4667,74.19,66,7.05,97
Kisangani,0.5167,25.2,84.2,65,4.61,75
Arroio Grande,-32.2375,-53.0869,70.72,48,0.65,0
Wanning,18.8003,110.3967,75.22,90,5.57,85
Vestmanna,62.1564,-7.1664,39.2,60,10.36,75
Turangi,-39.0,175.9333,46.0,96,1.01,4
Três Lagoas,-20.7511,-51.6783,87.49,23,6.26,48
Anadyr,64.75,177.4833,15.35,79,13.42,0
Santiago,-33.4569,-70.6483,69.17,42,4.61,2
Mackay,-21.15,149.2,65.71,94,8.05,90
Crotone,39.0851,17.1178,68.0,77,9.22,0
Östersund,63.1792,14.6357,39.6,41,13.8,0
Ilhabela,-23.7781,-45.3581,73.24,69,6.38,11
Skjervøy,70.0311,20.9714,32.0,93,14.97,90
Nālūt,30.3333,10.85,97.45,9,14.81,1
Nyurba,63.2842,118.3319,21.13,96,2.46,51
La Malbaie,47.6575,-70.1559,53.85,47,5.75,4
Almaznyy,48.0448,40.045,60.8,51,11.18,0
Batemans Bay,-35.7167,150.1833,51.75,96,3.0,4
La Orilla,17.9833,-102.2333,83.68,60,8.52,100
Lima,-12.0432,-77.0282,67.62,94,5.75,90
San Miguel de Tucumán,-26.8241,-65.2226,73.4,56,6.91,0
Nemuro,43.3236,145.575,37.96,98,18.12,100
Aklavik,68.2191,-135.0107,26.6,50,6.91,91
Kulevcha,46.0303,29.9361,50.61,85,7.02,4
Agnibilékrou,7.1344,-3.2047,90.41,50,0.96,98
Buchanan,5.8808,-10.0467,89.6,66,11.5,75
Paita,-5.0892,-81.1144,82.4,54,17.27,0
Toužim,50.0605,12.9851,50.68,62,10.36,20
Bāfq,31.6128,55.4107,76.12,34,11.41,89
Aquiraz,-3.9014,-38.3911,86.0,66,8.05,40
Aurillac,44.9167,2.45,50.0,81,3.44,75
Āsosa,10.0667,34.5333,67.32,83,1.66,100
Praia,14.9215,-23.5087,80.6,50,21.85,40
Chirkey,42.9613,46.9787,57.11,82,8.95,20
Lakes Entrance,-37.8811,147.981,51.71,83,3.27,5
North Platte,41.1239,-100.7654,65.1,32,16.11,1
Charlottetown,46.2352,-63.1267,55.45,47,10.36,75
Nueve de Julio,-35.4444,-60.8831,78.01,42,8.01,0
Superior,46.7208,-92.1041,51.46,62,11.5,1
Nam Som,17.7704,102.1895,75.67,100,2.3,75
Pecos,31.4229,-103.4932,55.24,76,3.44,90
Katangli,51.7102,143.2326,29.32,87,7.43,100
Smithers,54.7804,-127.1743,46.4,81,10.36,75
Saint-Augustin,51.226,-58.6502,44.2,67,3.15,94
Bereda,43.2686,-7.5406,52.92,71,11.99,91
Nísia Floresta,-6.0911,-35.2086,86.94,62,14.97,40
Zhangaözen,43.3,52.8,56.35,64,8.48,18
Vuktyl,63.8567,57.3094,33.87,67,8.75,100
Bonthe,7.5264,-12.505,85.84,65,10.0,100
Tāybād,34.74,60.7756,77.79,30,17.07,95
Gao,16.6362,1.637,106.39,5,10.65,3
Sabha,27.0377,14.4283,95.23,7,4.92,95
Mutoko,-17.397,32.2268,68.65,52,4.88,20
Petropavlovka,50.6114,105.3196,34.86,76,3.36,100
Alta Floresta,-9.8756,-56.0861,79.59,87,4.83,66
Half Moon Bay,37.4636,-122.4286,61.16,77,3.44,40
Ust-Nera,64.5667,143.2,29.5,95,2.42,100
Ouricuri,-7.8825,-40.0817,84.99,50,4.59,90
Zhigansk,66.7697,123.3711,30.04,89,4.25,100
Ternate,0.8,127.4,81.23,76,1.16,100
Cartagena del Chairá,1.3349,-74.8429,78.33,81,3.71,96
Grand Gaube,-20.0064,57.6608,77.0,84,5.99,38
Farrukhnagar,17.0778,78.2011,84.2,39,3.44,75
Maiduguri,11.8464,13.1603,99.43,9,8.39,20
Saravan,39.7196,45.6483,69.8,49,6.91,75
Kachīry,53.0675,76.1036,52.56,56,8.61,94
La Colorada,8.0167,-80.9833,86.88,52,4.59,100
Sinait,17.8664,120.4583,76.17,79,4.52,24
Makakilo City,21.3469,-158.0858,71.49,73,8.05,90
Bida,9.0833,6.0167,98.28,27,6.73,85
Muroto-misakicho,33.2833,134.15,60.21,75,11.9,43
Beisfjord,68.3751,17.5988,31.62,80,10.36,75
Colac,-38.3333,143.5833,50.67,1,1.92,27
Grootfontein,-19.5667,18.1167,78.8,41,3.44,40
Noumea,-22.2763,166.4572,70.99,77,3.44,0
Aripuanã,-9.1667,-60.6333,84.76,56,6.24,97
Saint Paul Harbor,57.79,-152.4072,37.4,93,2.3,90
Okahandja,-21.9833,16.9167,69.96,35,17.76,44
Inverell,-29.7833,151.1167,50.61,75,4.09,70
Mangaratiba,-22.9597,-44.0406,73.4,68,6.91,75
Kenai,60.5544,-151.2583,39.49,93,11.5,90
Liverpool,53.4106,-2.9779,50.54,58,9.22,40
Toamasina,-18.1667,49.3833,75.2,94,4.61,75
Carballo,43.213,-8.691,52.88,80,8.99,56
Tiarei,-17.5333,-149.3333,75.2,83,4.61,20
Bandarbeyla,9.4942,50.8122,83.95,75,9.75,87
Lorengau,-2.0226,147.2712,80.28,80,4.21,51
Dunedin,-45.8742,170.5036,54.0,80,1.01,100
Savonlinna,61.8699,28.88,42.8,33,3.44,0
Lind,56.1,8.9833,51.53,46,12.66,90
Chapais,49.7834,-74.8492,53.6,40,10.36,1
Laas,46.6166,10.7002,53.67,87,8.05,75
Malye Derbety,47.9547,44.6808,51.35,53,9.13,13
New Smyrna Beach,29.0258,-80.927,83.48,61,10.36,40
Jaguarari,-10.2639,-40.1958,78.67,60,10.04,89
Tottori-shi,35.5,134.2333,52.45,88,7.94,0
Natal,-5.795,-35.2094,86.94,62,14.97,40
Água Branca,-5.8922,-42.6361,86.47,60,1.92,91
Henties Bay,-22.116,14.2845,63.0,81,10.0,11
San Carlos,9.6612,-68.5827,72.46,96,1.5,100
Hammerfest,70.6634,23.6821,28.4,69,14.97,75
Birobidzhan,48.8,132.95,41.0,64,5.5,9
Qasigiannguit,68.8193,-51.1922,39.2,52,4.61,75
Bria,6.5423,21.9863,73.42,80,3.67,99
Lac du Bonnet,50.2536,-96.0612,39.99,99,7.43,89
Novaya Malykla,54.2,49.95,44.28,75,5.14,90
Apomu,7.3333,4.1833,89.6,55,11.5,40
Itoman,26.1247,127.6694,61.86,72,5.75,40
Hualmay,-11.0964,-77.6139,71.74,72,11.41,3
Pergamino,-33.89,-60.5736,73.0,51,5.01,0
Galesong,-5.3166,119.3661,73.4,100,2.3,20
Port Augusta,-32.5,137.7667,53.22,93,4.61,0
Bocicoiu Mare,47.9667,24.0,68.0,52,4.61,20
Murdochville,48.9583,-65.5006,44.6,70,14.97,78
Monrovia,6.3005,-10.7969,89.6,66,11.5,75
Thunder Bay,48.4001,-89.3168,46.4,87,17.27,90
Porto Walter,-8.2686,-72.7439,76.75,69,3.31,100
Upata,8.0086,-62.3989,80.85,62,3.22,99
Chimbote,-9.0853,-78.5783,72.41,71,11.43,21
Lazi,48.0667,24.2333,53.04,91,3.2,99
Hoopstad,-27.8327,25.9083,69.46,39,7.7,96
Xai-Xai,-25.0519,33.6442,74.91,76,10.51,28
Sistranda,63.7256,8.834,42.8,65,10.36,20
Isabela,6.7085,121.9711,79.54,82,2.64,7
Tilichiki,60.4667,166.1,30.4,98,1.68,100
La Ronge,55.1001,-105.2842,35.6,30,12.66,22
Luba,3.4568,8.5547,87.8,70,4.61,40
Iralaya,15.0,-83.2333,87.8,74,9.22,40
Tabou,4.423,-7.3528,83.48,72,7.65,100
Kushmurun,52.4503,64.6311,48.67,50,8.46,15
Qujing,25.4833,103.7833,56.59,61,3.67,42
Mount Gambier,-37.8333,140.7667,46.4,100,3.87,90
Makarov,48.6333,142.8,30.79,95,7.85,91
Aného,6.2333,1.6,86.0,66,10.36,20
Nanning,22.8167,108.3167,68.0,88,2.24,0
Ālampur,15.8833,78.15,91.54,32,11.59,37
Byron Bay,-28.65,153.6167,59.25,94,4.94,100
Vostok,46.4856,135.8833,34.59,52,3.91,16
Tessalit,20.1986,1.0114,106.7,5,7.29,52
Pleszew,51.8964,17.7855,57.96,75,9.15,89
Usinsk,65.9939,57.5281,27.93,69,6.98,88
Praia da Vitória,38.7333,-27.0667,63.19,59,14.52,40
Levelek,47.9628,21.9854,68.0,56,13.8,0
Taltal,-25.4,-70.4833,67.1,69,5.59,23
Faya,18.3851,42.4509,61.7,77,9.22,40
Puerto del Rosario,28.5004,-13.8627,71.6,64,5.75,40
Kyren,51.6828,102.1408,37.58,98,3.06,99
Lillooet,50.6856,-121.942,51.42,66,3.44,90
Jiwani,25.05,61.7417,84.42,69,13.15,7
Vredendal,-31.6683,18.5012,63.73,55,19.48,2
Ende,-8.8432,121.6623,74.37,74,0.98,65
Chodzież,52.995,16.9198,52.0,83,9.86,100
Te Anau,-45.4167,167.7167,51.28,93,5.93,100
Kargasok,59.0556,80.8572,39.9,93,14.14,100
Caçu,-18.5567,-51.1308,86.5,22,7.36,100
Charleston,32.7766,-79.9309,79.7,73,11.5,1
Ciocăneşti,44.6,25.85,57.87,82,3.44,75
Bärnbach,47.0333,15.85,64.0,48,11.5,20
Atar,20.5169,-13.0499,96.13,16,14.85,23
Otaru,43.1894,141.0022,47.32,78,5.93,100
Stepnyak,52.8339,70.7803,45.99,49,7.85,44
Say,13.1007,2.3689,109.4,8,9.22,20
Evanston,42.0411,-87.6901,51.28,82,10.36,90
Birao,10.2849,22.7882,90.5,21,1.25,87
Tokmak,47.2514,35.7058,52.97,79,7.49,67
Kalmunai,7.4167,81.8167,81.52,79,5.32,88
Xuchang,34.0167,113.8167,62.6,45,4.47,0
Singkang,2.1006,102.7994,78.8,94,3.44,20
Vigrestad,58.5667,5.7,49.55,43,11.5,40
Thayetmyo,19.3167,95.1833,86.81,56,1.57,57
Zhangye,38.9342,100.4517,60.82,23,5.53,15
Buin,-33.7333,-70.75,69.21,42,4.61,5
Kawalu,-7.3817,108.2082,73.13,92,1.01,100
Safi,32.2994,-9.2372,65.39,68,16.26,5
Nioro,13.35,-15.75,104.76,11,5.7,31
Lahijan,37.2061,50.0029,66.2,77,6.91,40
Sault Ste. Marie,46.5168,-84.3333,51.48,47,3.44,90
Pareora,-44.4871,171.2132,50.0,93,4.61,73
Baringo,0.4667,35.9667,80.87,36,13.4,100
Shingū,33.7333,135.9833,53.22,89,6.85,79
Roebourne,-20.7833,117.1333,80.15,44,7.25,0
Manokwari,-0.8667,134.0833,77.63,80,5.75,100
Meadow Lake,34.8014,-106.5436,56.59,62,5.75,20
Paracatu,-17.2222,-46.8747,82.02,51,7.05,52
Tibati,6.4667,12.6333,71.76,76,1.59,100
Merced,37.1666,-120.7516,72.18,40,5.75,1
Takoradze,4.8845,-1.7554,84.16,72,10.98,100
Sakakah,29.9697,40.2064,89.6,9,4.61,0
Yabēlo,4.8833,38.0833,60.26,88,6.31,100
Shar,49.5886,81.0453,66.47,59,16.37,100
Douentza,14.9951,-2.9517,107.94,10,12.15,55
Kozhevnikovo,56.2589,83.9714,49.82,82,9.84,100
Guarapari,-20.6667,-40.4975,80.29,65,10.36,40
Yangi Marg`ilon,40.4272,71.7189,77.0,33,9.22,1
São João da Barra,-21.6403,-41.0511,75.2,69,13.8,75
Cedar Rapids,42.0083,-91.6441,65.37,51,17.27,1
Lamu,-2.2717,40.902,81.28,78,11.14,85
Igarka,67.4667,86.5833,29.75,95,5.91,100
Washougal,45.5826,-122.3534,60.03,67,3.44,75
Canto do Buriti,-8.11,-42.9444,94.03,33,5.21,88
Neiafu,-18.65,-173.9833,75.2,94,2.3,75
Rancharia,-22.2292,-50.8931,80.6,32,11.5,0
Kangaatsiaq,68.3065,-53.4641,33.64,82,3.04,100
Berezovyy,51.6667,135.7,31.19,98,3.91,100
São José da Coroa Grande,-8.8978,-35.1478,83.16,70,12.64,60
Owando,-0.4819,15.8999,74.97,92,3.42,100
Kuantan,3.8077,103.326,80.29,89,0.89,20
Benghazi,32.1167,20.0667,82.33,30,7.09,100
Aras,42.5617,-2.356,51.4,87,4.61,90
Point Fortin,10.1833,-61.6833,80.01,1,8.99,100
San Joaquin,37.9333,-121.3011,72.3,42,4.61,1
Palora,-1.7,-77.9333,68.0,94,3.44,90
Virginia Beach,36.8529,-75.978,81.3,54,18.41,75
Vardø,70.3705,31.1107,30.2,93,19.57,90
Mana,5.6592,-53.7767,79.81,81,7.47,96
Florø,61.5996,5.0328,48.2,34,12.66,20
Rørvik,64.8621,11.2373,41.0,52,9.22,20
Flin Flon,54.7682,-101.865,35.6,30,13.8,1
Mandalgovi,45.7625,106.2708,35.2,69,33.76,60
Marsh Harbour,26.5412,-77.0636,77.4,70,15.97,100
Dawlatabad,36.4141,64.9053,83.5,13,3.71,2
Zhanakorgan,43.9098,67.2495,80.01,31,22.48,70
Larvik,59.0533,10.0352,51.85,35,11.5,40
Mitú,1.1983,-70.1733,77.81,92,4.38,92
Berdigestyakh,62.0989,126.6992,17.22,97,3.4,95
Ciudad Guayana,8.3533,-62.6528,83.39,55,3.76,100
Paamiut,61.994,-49.6678,37.44,81,4.18,17
Egvekinot,66.3167,-179.1667,10.76,87,7.29,18
Antalaha,-14.9003,50.2788,76.62,85,9.46,1
Shahr-e Bābak,30.1165,55.1186,69.69,24,1.48,97
Phalombe,-15.8064,35.6507,67.93,91,2.93,26
Puducherry,11.93,79.83,85.01,77,11.16,72
Wyndham,37.6985,-77.6125,84.24,51,11.5,1
Göksun,38.021,36.4973,80.6,34,8.05,40
Saint-Pierre,-21.3393,55.4781,72.81,83,6.91,20
Sangar,63.9242,127.4739,14.34,98,3.02,81
Zyryanka,65.75,150.85,27.63,88,3.24,100
Mazagão,-0.115,-51.2894,91.4,55,9.22,40
Moose Factory,51.2585,-80.6094,57.2,41,4.61,1
Port Moresby,-9.4431,147.1797,73.22,87,3.53,86
Ambilobe,-13.2,49.05,76.33,87,2.04,17
Barra Patuca,15.8,-84.2833,87.64,49,13.02,12
Khāsh,28.2211,61.2158,77.02,25,11.48,79
Oodweyne,9.4092,45.064,76.15,64,10.63,95
Karwar,14.8,74.1333,82.36,76,6.15,38
Perevolotskiy,51.8763,54.1938,47.26,59,5.44,36
Punta Umbría,37.1821,-6.9661,64.0,48,14.0,39
Dokka,60.84,10.0618,39.87,55,4.16,95
Volot,57.9278,30.7025,42.71,72,3.8,79
Bursa,40.1667,29.0833,69.8,56,3.44,0
King City,36.2127,-121.126,71.78,48,8.05,1
Gobabis,-22.45,18.9667,74.82,27,13.56,75
Garh Maharaja,30.8339,71.9053,90.14,17,2.71,37
Les Escoumins,48.1111,-69.0236,49.86,53,6.91,15
Topsham,43.9276,-69.9759,51.48,99,4.7,100
Greenville,35.6127,-77.3663,80.83,54,13.8,1
Erzin,36.9559,36.2,70.0,90,0.56,64
Ovalle,-30.5983,-71.2003,70.83,52,4.41,23
Sainte-Adèle,45.9501,-74.1325,62.33,48,6.91,75
Homer,59.6425,-151.5483,40.51,87,2.8,90
Baiyin,36.5583,104.2081,53.6,35,4.47,58
Madimba,-10.4,40.3333,77.09,89,7.63,20
Mizdah,31.4451,12.9801,96.24,9,15.7,29
Vanavara,60.34,102.2797,26.6,91,3.02,100
Hazorasp,41.3194,61.0742,66.2,72,4.61,90
Jumla,29.2747,82.1838,50.32,86,4.38,93
Karatau,43.1667,70.4667,70.09,28,6.8,1
Yumen,40.2833,97.2,63.77,16,9.8,27
Porto-Novo,6.4965,2.6036,86.0,74,10.36,40
Makubetsu,45.3714,141.8211,42.71,82,13.65,100
Vikersund,59.9659,9.995,48.94,44,8.52,86
Camargo,27.6667,-105.1667,66.67,20,8.59,9
Lithgow,-33.4833,150.15,51.6,93,0.16,1
Chany,55.3121,76.7647,44.53,73,6.85,33
Beidao,34.5686,105.8933,57.2,61,3.89,7
Amazar,53.858,120.875,25.7,97,4.72,55
Yong’an,39.6957,113.6871,43.11,20,4.61,87
Drabiv,49.963,32.1529,50.54,67,6.8,26
Kyshtovka,56.555,76.6271,42.08,80,7.85,64
Arrondissement de Nevers,46.9167,3.3333,57.88,47,5.75,75
Norton Shores,43.1689,-86.2639,52.23,71,9.22,90
Warren,39.4334,-84.1666,67.19,100,14.97,75
Tiébissou,7.1574,-5.2257,93.09,52,9.22,75
St. Pete Beach,27.7253,-82.7412,83.1,57,4.61,1
Santa Rosa,14.3122,121.1114,82.99,70,3.44,75
Luangwa,-15.6167,30.4167,74.88,66,1.14,36
Ust-Maya,60.4167,134.5333,27.07,98,3.02,95
Kaitong,44.8135,123.15,44.19,25,5.46,92
Kiryat Gat,31.61,34.7642,74.48,54,8.68,4
Jalu,29.0331,21.5482,91.04,5,5.32,0
Mogadishu,2.0371,45.3438,83.62,75,12.15,92
São Gabriel da Cachoeira,-0.1303,-67.0892,80.6,78,3.44,40
Matara,5.9485,80.5353,78.1,88,5.88,81
Pitimbu,-7.4706,-34.8086,77.0,88,13.8,75
Tengzhou,35.0771,117.1518,54.39,29,3.22,1
Mlonggo,-6.5333,110.7,78.28,84,5.39,97
Palmer,42.1584,-72.3287,59.0,100,4.61,90
Tumaco,1.7986,-78.8156,81.19,77,6.13,57
Steamboat Springs,40.485,-106.8317,49.78,37,4.12,1
Puerto Escondido,15.85,-97.0667,86.0,74,8.05,40
Saint-Leu,-21.15,55.2833,72.0,83,6.91,20
Paradise Valley,33.5312,-111.9427,76.28,31,5.75,1
Blagoyevo,63.3667,47.9167,33.3,57,4.94,90
Mokhsogollokh,61.4681,128.9203,25.74,93,2.8,91
Kangaba,11.9333,-8.4167,101.52,22,3.87,99
Vitim,59.4511,112.5578,22.01,96,3.89,99
Boueni,-12.9025,45.0761,80.6,83,3.44,20
Nalgonda,17.05,79.2667,84.72,53,13.87,18
Nelson Bay,-32.7167,152.15,53.02,100,3.74,40
Prince Albert,53.2001,-105.7677,41.0,36,11.5,75
Chokwé,-24.5333,32.9833,78.98,49,4.0,46
Wattegama,6.7989,81.4808,76.68,90,1.43,100
Lázaro Cárdenas,17.9583,-102.2,83.53,61,8.19,100
Esmeraldas,-19.7625,-44.3139,80.01,42,5.75,40
Boston,42.3584,-71.0598,51.35,93,4.61,100
Kulhudhuffushi,6.6221,73.07,84.16,73,9.19,95
Kemijärvi,66.7131,27.4306,32.72,77,7.56,100
Ucluelet,48.9329,-125.5528,54.5,76,10.36,90
Bilibino,68.0546,166.4372,16.72,98,5.14,99
Nobres,-14.7203,-56.3275,85.64,41,5.26,92
Xining,36.6167,101.7667,51.89,27,2.98,1
Regina,50.4501,-104.6178,41.49,52,12.66,75
Autun,46.95,4.3,55.22,66,4.61,0
Viramgam,23.1225,72.0484,89.28,30,6.35,26
Mīāndoāb,36.9694,46.1027,69.8,30,4.61,75
Kawhia,-38.0651,174.8183,44.67,97,3.69,16
Karratha,-20.7377,116.8463,80.17,46,7.0,0
Paraná,-31.732,-60.5238,74.68,49,8.99,0
Manche,49.0,-1.1667,50.0,57,9.22,75
Snåase,64.2457,12.3778,42.8,45,9.22,40
Ginda,30.6945,78.4932,61.43,45,7.14,73
Taksimo,56.3444,114.8794,24.12,86,1.32,87
Tello,3.0669,-75.1378,78.67,78,2.86,90
Lodja,-3.4833,23.4333,77.49,75,0.54,97
Khovd,48.0056,91.6419,58.15,31,5.26,18
Gēdo,9.0167,37.45,56.53,85,1.5,89
San Cristobal,7.7669,-72.225,78.1,67,1.57,100
Tayoltita,24.0833,-105.9333,79.92,24,6.96,4
Arica,-18.475,-70.3042,71.6,60,12.66,0
Séguéla,7.9611,-6.6731,94.51,37,6.24,47
Mil'kovo,54.7167,158.6167,33.12,98,1.57,100
Panabá,21.2833,-88.2667,95.61,31,16.42,0
Spring Hill,28.4769,-82.5255,85.8,54,9.22,40
Kafanchan,9.5833,8.3,84.2,39,11.5,20
Lieksa,63.3167,30.0167,33.46,71,4.45,76
Westport,41.1415,-73.3579,57.83,94,6.91,90
Bambanglipuro,-7.95,110.2833,76.59,82,2.19,92
Koindu,8.4386,-10.3253,85.6,59,6.76,94
Ostrovnoy,68.0531,39.5131,23.54,85,10.85,38
Okhtyrka,50.3104,34.8988,50.83,60,6.26,25
Funtua,11.5233,7.3081,97.86,7,6.58,42
Celestún,20.8667,-90.4,90.28,46,5.75,3
Colborne,44.0001,-77.8828,50.45,87,1.14,100
Ixtapa,20.7,-105.2,80.6,69,6.91,40
Abu Dhabi,24.4667,54.3667,87.8,48,3.44,0
Arvika,59.6553,12.5852,48.2,46,9.22,40
Arlit,18.7369,7.3853,106.65,5,9.4,36
Deputatsky,69.3,139.9,5.05,90,2.57,6
Corpus Christi,27.8006,-97.3964,77.11,83,13.8,90
Banyo,6.75,11.8167,72.91,67,3.13,100
Gizo Government Station,-8.103,156.8419,81.3,73,3.42,88
Caconda,-13.7333,15.0667,63.0,83,6.49,88
Sheregesh,52.9209,87.9869,47.66,99,3.89,100
Peniche,39.3558,-9.3811,59.36,66,8.01,82
Russas,-4.9403,-37.9758,93.94,37,7.74,100
Jaciara,-15.9653,-54.9683,89.87,31,3.47,100
Pochutla,15.7432,-96.4661,88.93,48,23.02,90
Gambēla,8.25,34.5833,77.81,68,3.06,100
Huangnihe,43.5583,128.0239,38.7,47,4.0,97
Camacha,33.0833,-16.3333,68.0,52,10.36,40
Hamilton,39.1834,-84.5333,68.29,88,14.97,75
Matadi,-5.8167,13.45,81.37,83,4.52,97
Granger,41.7481,-86.1257,50.52,93,5.75,90
Putyatino,54.16,41.1169,43.23,79,4.7,94
Gillette,44.2911,-105.5022,59.45,36,11.5,1
Unguía,8.0434,-77.0945,84.34,69,3.33,100
Anamur,36.0751,32.8369,69.8,78,13.8,0
Grajaú,-5.8194,-46.1386,85.57,69,1.28,93
Ponta Delgada,37.7333,-25.6667,60.8,67,16.11,40
Naryan-Mar,67.6713,53.087,27.41,83,6.91,61
Djibouti,11.5,42.5,84.2,74,6.91,75
Amherst,41.3978,-82.2224,48.7,93,16.11,90
Waterloo,43.4668,-80.5164,48.07,100,4.61,90
Belmonte,-15.8631,-38.8828,82.4,69,8.05,40
Hohhot,40.8106,111.6522,44.6,45,4.47,20
Dehlorān,32.6941,47.2679,87.8,14,7.16,0
